[
  {
    "id": "light-web",
    "name": "Light / Web",
    "selectedTokenSets": {
      "01-primitives": "source",
      "02-semantic/light": "enabled",
      "03-components/light": "enabled",
      "03-spacing/md": "enabled",
      "04-typography/md": "enabled",
      "05-platform/web": "enabled",
      "06-radius/web": "enabled",
      "07-grid/desktop": "enabled",
      "08-layout": "enabled",
      "09-stroke": "enabled",
      "10-opacity": "enabled",
      "11-motion": "enabled"
    },
    "$figmaStyleReferences": {}
  },
  {
    "id": "dark-web",
    "name": "Dark / Web",
    "selectedTokenSets": {
      "01-primitives": "source",
      "02-semantic/dark": "enabled",
      "03-components/dark": "enabled",
      "03-spacing/md": "enabled",
      "04-typography/md": "enabled",
      "05-platform/web": "enabled",
      "06-radius/web": "enabled",
      "07-grid/desktop": "enabled",
      "08-layout": "enabled",
      "09-stroke": "enabled",
      "10-opacity": "enabled",
      "11-motion": "enabled"
    },
    "$figmaStyleReferences": {}
  },
  {
    "id": "light-ios",
    "name": "Light / iOS",
    "selectedTokenSets": {
      "01-primitives": "source",
      "02-semantic/light": "enabled",
      "03-components/light": "enabled",
      "03-spacing/md": "enabled",
      "04-typography/md": "enabled",
      "05-platform/ios": "enabled",
      "06-radius/ios": "enabled",
      "07-grid/mobile": "enabled",
      "08-layout": "enabled",
      "09-stroke": "enabled",
      "10-opacity": "enabled",
      "11-motion": "enabled"
    },
    "$figmaStyleReferences": {}
  },
  {
    "id": "dark-ios",
    "name": "Dark / iOS",
    "selectedTokenSets": {
      "01-primitives": "source",
      "02-semantic/dark": "enabled",
      "03-components/dark": "enabled",
      "03-spacing/md": "enabled",
      "04-typography/md": "enabled",
      "05-platform/ios": "enabled",
      "06-radius/ios": "enabled",
      "07-grid/mobile": "enabled",
      "08-layout": "enabled",
      "09-stroke": "enabled",
      "10-opacity": "enabled",
      "11-motion": "enabled"
    },
    "$figmaStyleReferences": {}
  },
  {
    "id": "light-android",
    "name": "Light / Android",
    "selectedTokenSets": {
      "01-primitives": "source",
      "02-semantic/light": "enabled",
      "03-components/light": "enabled",
      "03-spacing/md": "enabled",
      "04-typography/md": "enabled",
      "05-platform/android": "enabled",
      "06-radius/android": "enabled",
      "07-grid/mobile": "enabled",
      "08-layout": "enabled",
      "09-stroke": "enabled",
      "10-opacity": "enabled",
      "11-motion": "enabled"
    },
    "$figmaStyleReferences": {}
  },
  {
    "id": "dark-android",
    "name": "Dark / Android",
    "selectedTokenSets": {
      "01-primitives": "source",
      "02-semantic/dark": "enabled",
      "03-components/dark": "enabled",
      "03-spacing/md": "enabled",
      "04-typography/md": "enabled",
      "05-platform/android": "enabled",
      "06-radius/android": "enabled",
      "07-grid/mobile": "enabled",
      "08-layout": "enabled",
      "09-stroke": "enabled",
      "10-opacity": "enabled",
      "11-motion": "enabled"
    },
    "$figmaStyleReferences": {}
  }
]
